Name,Sport,Hometown,City,State
Mackenzie Brown,Archery,"Flint, Texas",Flint,TX
Brady Ellison,Archery,"Globe, Ariz.",Globe,AZ
Casey Kaufhold,Archery,"Lancaster, Pa.",Lancaster,PA
Jennifer Mucino-Fernandez,Archery,"Mexico City, Mexico",Mexico City,Mexico
Jack Williams,Archery,"Irvine, Calif.",Irvine,CA
Jacob Wukie,Archery,"Oak Harbor, Ohio",Oak Harbor,OH
Phillip Chew,Badminton,"Orange, Calif.",Orange,CA
Ryan Chew,Badminton,"Orange, Calif.",Orange,CA
Timothy Lam,Badminton,"Mountain View, Calif.",Mountain View,CA
Beiwen Zhang,Badminton,Las Vegas,Las Vegas,NV
Nick Allen,Baseball,San Diego,San Diego,CA
Eddy Alvarez,Baseball,Miami,Miami,FL
Tyler Austin,Baseball,"Conyers, Ga.",Conyers,GA
Shane Baz,Baseball,"Cypress, Texas",Cypress,TX
Anthony Carter,Baseball,"Decatur, Ga.",Decatur,GA
Triston Casas,Baseball,"Pembroke Pines, Fla.",Pembroke Pines,FL
Brandon Dickson,Baseball,"Montgomery, Ala.",Montgomery,AL
Tim Federowicz,Baseball,"Erie, Pa.",Erie,PA
Eric Filia,Baseball,"Carlsbad, Calif.",Carlsbad,CA
Todd Frazier,Baseball,"Point Pleasant, N.J.",Point Pleasant,NJ
Anthony Gose,Baseball,"Paramount, Calif.",Paramount,CA
Edwin Jackson,Baseball,"Neu-Ulm, Germany",Neu-Ulm,Germany
Scott Kazmir,Baseball,"Cypress Falls, Texas",Cypress Falls,TX
Patrick Kivlehan,Baseball,"Nyack, N.Y.",Nyack,NY
Mark Kolozsvary,Baseball,"Eustis, Fla.",Eustis,FL
Jack Lopez,Baseball,"Rio Piedras, Puerto Rico",Rio Piedras,Puerto Rico
Nick Martinez,Baseball,Miami,Miami,FL
Scott McGough,Baseball,"Monroesville, Pa.",Monroesville,PA
David Robertson,Baseball,"Birmingham, Ala.",Birmingham,AL
Joe Ryan,Baseball,San Francisco,San Francisco,CA
Ryder Ryan,Baseball,"Charlotte, N.C.",Charlotte,NC
Bubba Starling,Baseball,"Gardner, Kan.",Gardner,KS
Jamie Westbrook,Baseball,"Gilbert, Ariz.",Gilbert,AZ
Simeon Woods Richardson,Baseball,"Sugar Land, Texas",Sugar Land,TX
Bam Adebayo,Basketball,"High Point, N.C.",High Point,NC
Ariel Atkins,Basketball,"Duncanville, Texas",Duncanville,TX
Sue Bird,Basketball,"Syosset, N.Y.",Syosset,NY
Devin Booker,Basketball,"Moss Point, Miss.",Moss Point,MS
Tina Charles,Basketball,"Jamaica, N.Y.",Jamaica,NY
Napheesa Collier,Basketball,"O'Fallon, Mo.",O'Fallon,MO
Skylar Diggins-Smith,Basketball,"South Bend, Ind.",South Bend,IN
Kevin Durant,Basketball,Washington,Washington,DC
Sylvia Fowles,Basketball,Miami,Miami,FL
Jerami Grant,Basketball,"Bowie, Md.",Bowie,MD
Chelsea Gray,Basketball,"Manteca, Calif.",Manteca,CA
Draymond Green,Basketball,"Saginaw, Mich.",Saginaw,MI
Brittney Griner,Basketball,Houston,Houston,TX
Jrue Holiday,Basketball,Los Angeles,Los Angeles,CA
Keldon Johnson,Basketball,"Starling, Va.",Starling,VT
Zach LaVine,Basketball,Seattle,Seattle,WA
Damian Lillard,Basketball,"Oakland, Calif.",Oakland,CA
Jewell Loyd,Basketball,"Lincolnwood, Ill.",Lincolnwood,IL
JaVale McGee,Basketball,"Flint, Mich.",Flint,MI
Khris Middleton,Basketball,"Charleston, S.C.",Charleston,SC
Breanna Stewart,Basketball,"North Syracuse, N.Y.",North Syracuse,NY
Jayson Tatum,Basketball,St. Louis,St. Louis,MO
Diana Taurasi,Basketball,"Chino, Calif.",Chino,CA
A'ja Wilson,Basketball,"Hopkins, S.C.",Hopkins,SC
Stefanie Dolson,Basketball (3x3),"Port Jervis, N.Y.",Port Jervis,NY
Allisha Gray,Basketball (3x3),"Sandersville, Ga.",Sandersville,GA
Kelsey Plum,Basketball (3x3),"Poway, Calif.",Poway,CA
Jacquelyn Young,Basketball (3x3),"Princeton, Idaho",Princeton,ID
Tri Bourne,Beach Volleyball,"Oahu, Hawaii",Oahu,HI
Kelly Claes,Beach Volleyball,"Placentia, Calif.",Placentia,CA
Phil Dalhausser,Beach Volleyball,"Ormond Beach, Fla.",Ormond Beach,FL
Jake Gibb,Beach Volleyball,"Bountiful, Utah",Bountiful,UT
Alix Klineman,Beach Volleyball,"Manhattan Beach, Calif.",Manhattan Beach,CA
Nick Lucena,Beach Volleyball,"Fort Lauderdale, Fla.",Fort Lauderdale,FL
April Ross,Beach Volleyball,"Costa Mesa, Calif.",Costa Mesa,CA
Sarah Sponcil,Beach Volleyball,Phoenix,Phoenix,AZ
Perris Benegas,BMX Freestyle,"Reno, Nev.",Reno,NV
Nick Bruce,BMX Freestyle,"Youngstown, Ohio",Youngstown,OH
Justin Dowell,BMX Freestyle,"Virginia Beach, Va.",Virginia Beach,VT
Hannah Roberts,BMX Freestyle,"Buchanan, Mich.",Buchanan,MI
Connor Fields,BMX Racing,Las Vegas,Las Vegas,NV
Payton Ridenour,BMX Racing,"Pottstown, Pa.",Pottstown,PA
Corben Sharrah,BMX Racing,"Tuscon, Ariz.",Tuscon,AZ
Alise Willoughby,BMX Racing,"St. Cloud, Minn.",St. Cloud,MN
Keyshawn Davis,Boxing,"Norfolk, Va.",Norfolk,VT
Rashida Ellis,Boxing,"Lynn, Mass.",Lynn,MA
Virginia Fuchs,Boxing,Houston,Houston,TX
Naomi Graham,Boxing,"Fayetteville, N.C.",Fayetteville,NC
Troy Isley,Boxing,"Alexandria, Va.",Alexandria,VT
Delante Johnson,Boxing,Cleveland,Cleveland,OH
Oshae Jones,Boxing,"Toledo, Ohio",Toledo,OH
Duke Ragan,Boxing,Cincinnati,Cincinnati,OH
Yarisel Ramirez,Boxing,Las Vegas,Las Vegas,NV
Richard Torrez Jr.,Boxing,"Tulare, Calif.",Tulare,CA
Nevin Harrison,Canoe / Kayak,Seattle,Seattle,WA
Evy Leibfarth,Canoe / Kayak,"Bryson City, N.C.",Bryson City,NC
Zachary Lokken,Canoe / Kayak,"Durango, Colo.",Durango,CO
Michal Smolen,Canoe / Kayak,"Charlotte, N.C.",Charlotte,NC
Lawson Craddock,Cycling (Road/Track),Houston,Houston,TX
Chlo√© Dygert,Cycling (Road/Track),"Brownsburg, Ind.",Brownsburg,IN
Maddie Godby,Cycling (Road/Track),"Louisville, Ky.",Louisville,KY
Adrian Hegyvary,Cycling (Road/Track),Seattle,Seattle,WA
Gavin Hoover,Cycling (Road/Track),"Manhattan Beach, Calif.",Manhattan Beach,CA
Megan Jastrab,Cycling (Road/Track),"Apple Valley, Calif.",Apple Valley,CA
Brandon McNulty,Cycling (Road/Track),Phoenix,Phoenix,AZ
Amber Neben,Cycling (Road/Track),"Irvine, Calif.",Irvine,CA
Coryn Rivera,Cycling (Road/Track),"Tustin, Calif.",Tustin,CA
Felicia Stancil,Cycling (Road/Track),"Lake Villa, Ill.",Lake Villa,IL
Leah Thomas,Cycling (Road/Track),"Cupertino, Calif.",Cupertino,CA
Jennifer Valente,Cycling (Road/Track),San Diego,San Diego,CA
Emma White,Cycling (Road/Track),"Duanesburg, N.Y.",Duanesburg,NY
Lily Williams,Cycling (Road/Track),"Tallahassee, Fla.",Tallahassee,FL
Ruth Winder,Cycling (Road/Track),"Lafayette, Calif.",Lafayette,CA
Andrew Capobianco,Diving,"Holly Springs, N.C.",Holly Springs,NC
Tyler Downs,Diving,"Ballwin, Mo.",Ballwin,MO
Alison Gibson,Diving,"Austin, Texas",Austin,TX
Hailey Hernandez,Diving,"Southlake, Texas",Southlake,TX
Michael Hixon,Diving,"Amherst, Mass.",Amherst,MA
Brandon Loschiavo,Diving,"Huntington Beach, Calif.",Huntington Beach,CA
Krysta Palmer,Diving,"Carson City, Nev.",Carson City,NV
Jessica Parratto,Diving,"Dover, N.H.",Dover,NH
Delaney Schnell,Diving,"Tucson, Ariz.",Tucson,AZ
Jordan Windle,Diving,"Fort Lauderdale, Fla.",Fort Lauderdale,FL
Katrina Young,Diving,"Shoreline, Wash.",Shoreline,WA
Phillip Dutton,Equestrian,"West Grove, Pa.",West Grove,PA
Kent Farrington,Equestrian,"Wellington, Fla.",Wellington,FL
Laura Kraut,Equestrian,"Royal Palm Beach, Fla.",Royal Palm Beach,FL
Adrienne Lyle,Equestrian,"Wellington, Fla.",Wellington,FL
Boyd Martin,Equestrian,"Cochranville, Pa.",Cochranville,PA
Doug Payne,Equestrian,"Aiken, S.C.",Aiken,SC
Steffen Peters,Equestrian,San Diego,San Diego,CA
Sabine Schut-Kery,Equestrian,"Napa, Calif.",Napa,CA
Jessica Springsteen,Equestrian,Los Angeles,Los Angeles,CA
Eli Dershwitz,Fencing,"Sherborn, Mass.",Sherborn,MA
Jackie Dubrovich,Fencing,"Riverdale, N.J.",Riverdale,NJ
Katharine Holmes,Fencing,Washington,Washington,DC
Daryl Homer,Fencing,"Bronx, N.Y.",Bronx,NY
Jake Hoyle,Fencing,"Wallingford, Pa.",Wallingford,PA
Courtney Hurley,Fencing,San Antonio,San Antonio,TX
Kelley Hurley,Fencing,San Antonio,San Antonio,TX
Race Imboden,Fencing,"Tampa, Micronesia",Tampa,Micronesia
Nick Itkin,Fencing,Los Angeles,Los Angeles,CA
Lee Kiefer,Fencing,"Lexington, Ky.",Lexington,KY
Andrew Mackiewicz,Fencing,"Westwood, Mass.",Westwood,MA
Alexander Massialas,Fencing,San Francisco,San Francisco,CA
Curtis McDowald,Fencing,"Jamaica, N.Y.",Jamaica,NY
Gerek Meinhardt,Fencing,San Francisco,San Francisco,CA
Yeisser Ramirez,Fencing,"Brooklyn, N.Y.",Brooklyn,NY
Nicole Ross,Fencing,New York,New York,NY
Eliza Stone,Fencing,Chicago,Chicago,IL
Dagmara Wozniak,Fencing,"Avenel, N.J.",Avenel,NJ
Mariel Zagunis,Fencing,"Beaverton, Ore.",Beaverton,OR
Danielle Kang,Golf,Las Vegas,Las Vegas,NV
Jessica Korda,Golf,"Bradenton, Fla.",Bradenton,FL
Nelly Korda,Golf,"Bradenton, Fla.",Bradenton,FL
Collin Morikawa,Golf,Las Vegas,Las Vegas,NV
Patrick Reed,Golf,"San Antonion, Texas",San Antonion,TX
Xander Schauffele,Golf,San Diego,San Diego,CA
Justin Thomas,Golf,"Goshen, Ky.",Goshen,KY
Lexi Thompson,Golf,"Coral Springs, Fla.",Coral Springs,FL
Simone Biles,Gymnastics (Artistic),"Spring, Texas",Spring,TX
Jade Carey,Gymnastics (Artistic),Phoenix,Phoenix,AZ
Jordan Chiles,Gymnastics (Artistic),"Vancouver, Wash.",Vancouver,WA
Sunisa Lee,Gymnastics (Artistic),"St. Paul, Minn.",St. Paul,MN
Brody Malone,Gymnastics (Artistic),"Summerville, Ga.",Summerville,GA
Grace McCallum,Gymnastics (Artistic),"Isanti, Minn.",Isanti,MN
Sam Mikulak,Gymnastics (Artistic),"Colorado Springs, Colo.",Colorado Springs,CO
Yul Moldauer,Gymnastics (Artistic),"Arvada, Colo.",Arvada,CO
MyKayla Skinner,Gymnastics (Artistic),"Gilbert, Ariz.",Gilbert,AZ
Shane Wiskus,Gymnastics (Artistic),"Spring Park, Minn.",Spring Park,MN
Alec Yoder,Gymnastics (Artistic),Indianapolis,Indianapolis,IN
Colton Brown,Judo,"Piscataway, N.J.",Piscataway,NJ
Nina Cutro-Kelly,Judo,"Albany, N.Y.",Albany,NY
Angelica Delgado,Judo,Miami,Miami,FL
Nefeli Papadakis,Judo,"Gurnee, Ill.",Gurnee,IL
Brian Irr,Karate,"Newfane, N.Y.",Newfane,NY
Sakura Kokumai,Karate,Los Angeles,Los Angeles,CA
Tom Scott,Karate,"Plano, Texas",Plano,TX
Ariel Torres,Karate,"Hialeah, Fla.",Hialeah,FL
Haley Anderson,Marathon Swimming,"Granite Bay, Calif.",Granite Bay,CA
Ashley Twichell,Marathon Swimming,"Fayetteville, N.Y.",Fayetteville,NY
Jordan Wilimovsky,Marathon Swimming,"Malibu, Calif.",Malibu,CA
Amro ElGeziry,Modern Pentathlon,"Colorado Springs, Colo.",Colorado Springs,CO
Samantha (Achterberg) Schultz,Modern Pentathlon,"Colorado Springs, Colo.",Colorado Springs,CO
Haley Batten,Mountain Bike,"Park City, Utah",Park City,UT
Christopher Blevins,Mountain Bike,"Durango, Colo.",Durango,CO
Kate Courtney,Mountain Bike,"Kentfield, Calif.",Kentfield,CA
Erin Huck,Mountain Bike,"Boulder, Colo.",Boulder,CO
Isabelle Connor,Rhythmic Gymnastics,"Manhattan Beach, Calif.",Manhattan Beach,CA
Camilla Feeley,Rhythmic Gymnastics,"Wheeling, Ill.",Wheeling,IL
Evita Griskenas,Rhythmic Gymnastics,"Orland Park, Ill.",Orland Park,IL
Lili Mizuno,Rhythmic Gymnastics,"Northbrook, Ill.",Northbrook,IL
Elizaveta Pletneva,Rhythmic Gymnastics,"Wheeling, Ill.",Wheeling,IL
Nicole Sladkov,Rhythmic Gymnastics,"Vernon Hills, Ill.",Vernon Hills,IL
Laura Zeng,Rhythmic Gymnastics,"Libertyville, Ill.",Libertyville,IL
Justin Best,Rowing,"Kennett Square, Pa.",Kennett Square,PA
Charlotte Buck,Rowing,"Nyack, N.Y.",Nyack,NY
Kendall Chase,Rowing,"Evergreen, Colo.",Evergreen,CO
Olivia Coffey,Rowing,"Watkins Glen, N.Y.",Watkins Glen,NY
Claire Collins,Rowing,"McLean, Va.",McLean,VT
Liam Corrigan,Rowing,"Old Lyme, Conn.",Old Lyme,CT
Ben Davison,Rowing,"Inverness, Fla.",Inverness,FL
Clark Dean,Rowing,"Sarasota, Fla.",Sarasota,FL
Gia Doonan,Rowing,"Rochester, Mass.",Rochester,MA
Tracy Eisser,Rowing,"Fair Lawn, N.J.",Fair Lawn,NJ
Michael Grady,Rowing,Pittsburgh,Pittsburgh,PA
Katelin Guregian,Rowing,"Orlando, Fla.",Orlando,FL
Austin Hack,Rowing,"Old Lyme, Conn.",Old Lyme,CT
Conor Harrity,Rowing,"Weston, Mass.",Weston,MA
Megan Kalmoe,Rowing,"St. Croix Falls, Wis.",St. Croix Falls,WI
Kara Kohler,Rowing,"Clayton, Calif.",Clayton,CA
Grace Luczak,Rowing,"Ann Arbor, Mich.",Ann Arbor,MI
Cicely Madden,Rowing,"Weston, Mass.",Weston,MA
Nick Mead,Rowing,"Strafford, Pa.",Strafford,PA
Alex Miklasevich,Rowing,Pittsburgh,Pittsburgh,PA
Brooke Mooney,Rowing,"Peru, Vt.",Peru,VA
Meghan Musnicki,Rowing,"Naples, N.Y.",Naples,NY
Kristine O'Brien,Rowing,"Massapequa Park, N.Y.",Massapequa Park,NY
Meghan O'Leary,Rowing,"Baton Rouge, La.",Baton Rouge,LA
Molly Reckford,Rowing,"Short Hills, N.J.",Short Hills,NJ
Andrew Reed,Rowing,"Wayland, Mass.",Wayland,MA
Alexander Richards,Rowing,"Watertown, Mass.",Watertown,MA
Alie Rusher,Rowing,"West Bend, Wis.",West Bend,WI
Regina Salmons,Rowing,"Methuen, Mass.",Methuen,MA
Michelle Sechser,Rowing,"Folsom, Calif.",Folsom,CA
Gevvie Stone,Rowing,"Newton, Mass.",Newton,MA
Jessica Thoennes,Rowing,"Highlands Ranch, Colo.",Highlands Ranch,CO
Ellen Tomek,Rowing,"Flushing, Mich.",Flushing,MI
Julian Venonsky,Rowing,"Malvern, Pa.",Malvern,PA
Kristi Wagner,Rowing,"Weston, Mass.",Weston,MA
Madeleine Wanamaker,Rowing,"Neenah, Wis.",Neenah,WI
Anders Weiss,Rowing,"Barrington, R.I.",Barrington,RI
Perry Baker,Rugby,"Daytona Beach, Fla.",Daytona Beach,FL
Danny Barrett,Rugby,"Pacifica, Calif.",Pacifica,CA
Maceo Brown,Rugby,"Tempe, Ariz.",Tempe,AZ
Kayla Canett,Rugby,"Fallbrook, Calif.",Fallbrook,CA
Lauren Doyle,Rugby,"Boody, Ill.",Boody,IL
Cheta Emba,Rugby,"Glen Allen, Va.",Glen Allen,VT
Abby Gustaitis,Rugby,"White Hall, Md.",White Hall,MD
Nicole Heavirland,Rugby,"Whitefish, Mont.",Whitefish,MT
Madison Hughes,Rugby,"Lancaster, Mass.",Lancaster,MA
Martin Iosefo,Rugby,"Wahiawa, Hawaii",Wahiawa,HI
Carlin Isles,Rugby,"Madison Jackson, Ohio",Madison Jackson,OH
Alev Kelter,Rugby,"Eagle River, Alaska",Eagle River,AK
Kristi Kirshe,Rugby,"Franklin, Mass.",Franklin,MA
Matai Leuta,Rugby,"Monterey, Calif.",Monterey,CA
Ilona Maher,Rugby,"Burlington, Vt.",Burlington,VA
Jordan Matyas,Rugby,"Calgary, Utah",Calgary,UT
Cody Melphy,Rugby,"Littleton, Colo.",Littleton,CO
Folau Niua,Rugby,"East Palo Alto, Calif.",East Palo Alto,CA
Ariana Ramsey,Rugby,Philadelphia,Philadelphia,PA
Joe Schroeder,Rugby,"Westfield, Ind.",Westfield,IN
Naya Tapper,Rugby,"Beaufort, S.C.",Beaufort,SC
Kristen Thomas,Rugby,Philadelphia,Philadelphia,PA
Brett Thompson,Rugby,"Tempe, Ariz.",Tempe,AZ
Nia Toliver,Rugby,Los Angeles,Los Angeles,CA
Stephen Tomasin,Rugby,"Santa Rosa, Calif.",Santa Rosa,CA
Kevon Williams,Rugby,Houston,Houston,TX
Nikole Barnes,Sailing,"St. Thomas, Virgin Islands",St. Thomas,Virgin Islands
Charlie Buckingham,Sailing,"Newport Beach, Calif.",Newport Beach,CA
Lara Dallman-Weiss,Sailing,"Shoreview, Minn.",Shoreview,MN
Riley Gibbs,Sailing,"Long Beach, Calif.",Long Beach,CA
Farrah Hall,Sailing,"Annapolis, Md.",Annapolis,MD
David Hughes,Sailing,Miami,Miami,FL
Stu McNay,Sailing,"Providence, R.I.",Providence,RI
Luke Muller,Sailing,"Fort Pierce, Fla.",Fort Pierce,FL
Pedro Pascual,Sailing,Miami,Miami,FL
Paige Railey,Sailing,"Clearwater, Fla.",Clearwater,FL
Stephanie Roble,Sailing,Miami,Miami,FL
Maggie Shea,Sailing,"Wilmette, Ill.",Wilmette,IL
Anna Weis,Sailing,"Fort Lauderdale, Fla.",Fort Lauderdale,FL
Will Shaner,Shooting,"Colorado Springs, Colo.",Colorado Springs,CO
Madelynn Bernau,Shooting,"Waterford, Wis.",Waterford,WI
Kayle Browning,Shooting,"Wooster, Ark.",Wooster,AR
Brian Burrows,Shooting,"Fallbrook, Calif.",Fallbrook,CA
Amber English,Shooting,"Colorado Springs, Colo.",Colorado Springs,CO
James Hall,Shooting,"Anniston, Ala.",Anniston,AL
Vincent Hancock,Shooting,"Eatonton, Ga.",Eatonton,GA
Phillip Jungman,Shooting,"Caldwell, Texas",Caldwell,TX
Lucas Kozeniesky,Shooting,"Colorado Springs, Colo.",Colorado Springs,CO
Alexis Lagan,Shooting,"Boulder City, Nev.",Boulder City,NV
Henry Leverett,Shooting,"Bainbridge, Ga.",Bainbridge,GA
Jackson Leverett,Shooting,"Bainbridge, Ga.",Bainbridge,GA
Sagen Maddalena,Shooting,"Groveland, Calif.",Groveland,CA
Derrick Mein,Shooting,"Paola, Kan.",Paola,KS
Nick Mowrer,Shooting,"Butte, Mont.",Butte,MT
Austen Smith,Shooting,"Keller, Texas",Keller,TX
Patrick Sunderman,Shooting,"Farmington, Minn.",Farmington,MN
Mary Tucker,Shooting,"Sarasota, Fla.",Sarasota,FL
Sandra Uptagrafft,Shooting,"Phenix City, Ala.",Phenix City,AL
Ali Weisz,Shooting,"Belgrade, Mont.",Belgrade,MT
Jordyn Barratt,Skateboarding,"Haleiwa, Hawaii",Haleiwa,HI
Mariah Duran,Skateboarding,"Albuquerque, N.M.",Albuquerque,NM
Jagger Eaton,Skateboarding,"Mesa, Ariz.",Mesa,AZ
Nyjah Huston,Skateboarding,"Davis, Calif.",Davis,CA
Jake Ilardi,Skateboarding,"Osprey, Fla.",Osprey,FL
Cory Juneau,Skateboarding,San Diego,San Diego,CA
Heimana Reynolds,Skateboarding,Honolulu,Honolulu,HI
Alexis Sablone,Skateboarding,"Brooklyn, N.Y.",Brooklyn,NY
Alana Smith,Skateboarding,New York,New York,NY
Bryce Wettstein,Skateboarding,"Encinitas, Calif.",Encinitas,CA
Zion Wright,Skateboarding,"Jupiter, Fla.",Jupiter,FL
Brighton Zeuner,Skateboarding,"Encinitas, Calif.",Encinitas,CA
Jane Campbell,Soccer,"Kennesaw, Ga.",Kennesaw,GA
Abby Dahlkemper,Soccer,"Menlo Park, Calif.",Menlo Park,CA
Tierna Davidson,Soccer,"Menlo Park, Calif.",Menlo Park,CA
Crystal Dunn,Soccer,"Rockville Centre, N.Y.",Rockville Centre,NY
Julie Ertz,Soccer,"Mesa, Ariz.",Mesa,AZ
Adrianna Franch,Soccer,"Salina, Kan.",Salina,KS
Tobin Heath,Soccer,"Basking Ridge, N.J.",Basking Ridge,NJ
Lindsey Horan,Soccer,"Golden, Colo.",Golden,CO
Casey Krueger,Soccer,"Naperville, Ill.",Naperville,IL
Rose Lavelle,Soccer,Cincinnati,Cincinnati,OH
Carli Lloyd,Soccer,"Delran, N.J.",Delran,NJ
Catarina Macario,Soccer,San Diego,San Diego,CA
Kristie Mewis,Soccer,"Hanson, Mass.",Hanson,MA
Samantha Mewis,Soccer,"Hanson, Mass.",Hanson,MA
Alex Morgan,Soccer,"Diamond Bar, Calif.",Diamond Bar,CA
Alyssa Naeher,Soccer,"Stratford, Conn.",Stratford,CT
Kelley O'Hara,Soccer,"Fayetteville, Ga.",Fayetteville,GA
Christen Press,Soccer,"Palos Verdes Estates, Calif.",Palos Verdes Estates,CA
Megan Rapinoe,Soccer,"Redding, Calif.",Redding,CA
Becky Sauerbrunn,Soccer,St. Louis,St. Louis,MO
Emily Sonnett,Soccer,"Marietta, Ga.",Marietta,GA
Lynn Williams,Soccer,"Fresno, Calif.",Fresno,CA
Monica Abbott,Softball,"Salinas, Calif.",Salinas,CA
Ali Aguilar,Softball,"Orangevale, Calif.",Orangevale,CA
Valerie Arioto,Softball,"Pleasanton, Calif.",Pleasanton,CA
Ally Carda,Softball,"Elk Grove, Calif.",Elk Grove,CA
Amanda Chidester,Softball,"Allen Park, Mich.",Allen Park,MI
Rachel Garcia,Softball,"Palmdale, Calif.",Palmdale,CA
Haylie McCleney,Softball,"Morris, Ala.",Morris,AL
Michelle Moultrie,Softball,"Jacksonville, Fla.",Jacksonville,FL
Dejah Mulipola,Softball,"Garden Grove, Calif.",Garden Grove,CA
Aubree Munro,Softball,"Brea, Calif.",Brea,CA
Bubba Nickles,Softball,"Merced, Calif.",Merced,CA
Cat Osterman,Softball,Houston,Houston,TX
Janie Reed,Softball,"Placentia, Calif.",Placentia,CA
Delaney Spaulding,Softball,"Rancho Cucamonga, Calif.",Rancho Cucamonga,CA
Kelsey Stewart,Softball,"Wichita, Kan.",Wichita,KS
Nathaniel Coleman,Sport Climbing,Salt Lake City,Salt Lake City,UT
Kyra Condie,Sport Climbing,"Shoreview, Minn.",Shoreview,MN
Colin Duffy,Sport Climbing,"Broomfield, Colo.",Broomfield,CO
Brooke Raboutou,Sport Climbing,"Boulder, Colo.",Boulder,CO
Kolohe Andino,Surfing,"San Clemente, Calif.",San Clemente,CA
John John Florence,Surfing,"Oahu, Hawaii",Oahu,HI
Caroline Marks,Surfing,"Melbourne Beach, Fla.",Melbourne Beach,FL
Carissa Moore,Surfing,Honolulu,Honolulu,HI
Michael Andrew,Swimming,"Encinatas, Calif.",Encinatas,CA
Zach Apple,Swimming,"Trenton, Ohio",Trenton,OH
Hunter Armstrong,Swimming,"Dover, Ohio",Dover,OH
Phoebe Bacon,Swimming,"Chevy Chase, Md.",Chevy Chase,MD
Bowen Becker,Swimming,Las Vegas,Las Vegas,NV
Gunnar Bentz,Swimming,Atlanta,Atlanta,GA
Michael Brinegar,Swimming,"Bloomington, Bloomington",Bloomington,IN
Erika Brown,Swimming,"Modesto, Calif.",Modesto,CA
Patrick Callan,Swimming,"Owasso, Okla.",Owasso,OK
Brooks Curry,Swimming,Atlanta,Atlanta,GA
Claire Curzan,Swimming,"Cary, N.C.",Cary,NC
Catie DeLoof,Swimming,"Grosse Point, Mich.",Grosse Point,MI
Kate Douglass,Swimming,"Pelham, N.Y.",Pelham,NY
Caeleb Dressel,Swimming,"Green Cove Springs, Fla.",Green Cove Springs,FL
Nic Fink,Swimming,"Morristown, N.J.",Morristown,NJ
Bobby Finke,Swimming,"Tampa, Fla.",Tampa,FL
Hali Flickinger,Swimming,"York, Pa.",York,PA
Brooke Forde,Swimming,"Louisville, Ky.",Louisville,KY
Katie Grimes,Swimming,Las Vegas,Las Vegas,NV
Townley Haas,Swimming,"Richmond, Va.",Richmond,VT
Zach Harting,Swimming,"Madison, Ala.",Madison,AL
Natalie Hinds,Swimming,"Midland, Texas",Midland,TX
Torri Huske,Swimming,"Arlington, Va.",Arlington,VT
Lydia Jacoby,Swimming,"Anchorage, Alaska",Anchorage,AK
Chase Kalisz,Swimming,"Bel Air, Md.",Bel Air,MD
Drew Kibler,Swimming,"Carmel, Ind.",Carmel,IN
Lilly King,Swimming,"Evansville, Ind.",Evansville,IN
Annie Lazor,Swimming,"Beverly Hills, Mich.",Beverly Hills,MI
Katie Ledecky,Swimming,"Bethesda, Md.",Bethesda,MD
Jay Litherland,Swimming,"Alpharetta, Ga.",Alpharetta,GA
Paige Madden,Swimming,"Mobile, Ala.",Mobile,AL
Simone Manuel,Swimming,"Sugar Land, Texas",Sugar Land,TX
Katie McLaughlin,Swimming,"Dana Point, Calif.",Dana Point,CA
Bryce Mefford,Swimming,"El Dorado Hills, Calif.",El Dorado Hills,CA
Jake Mitchell,Swimming,"Carmel, Ind.",Carmel,IN
Ryan Murphy,Swimming,"Jacksonville, Fla.",Jacksonville,FL
Blake Pieroni,Swimming,"Chesteron, Ind.",Chesteron,IN
Allison Schmitt,Swimming,"Canton, Mich.",Canton,MI
Andrew Seliskar,Swimming,"McLean, Va.",McLean,VT
Tom Shields,Swimming,"Huntington Beach, Calif.",Huntington Beach,CA
Bella Sims,Swimming,Las Vegas,Las Vegas,NV
Kieran Smith,Swimming,"Ridgefield, Conn.",Ridgefield,CT
Regan Smith,Swimming,"Lakeville, Minn.",Lakeville,MN
Olivia Smoliga,Swimming,"Glenview, Ill.",Glenview,IL
Erica Sullivan,Swimming,Las Vegas,Las Vegas,NV
Alex Walsh,Swimming,"Nashville, Tenn.",Nashville,TN
Abbey Weitzeil,Swimming,"Saugus, Calif.",Saugus,CA
Emma Weyant,Swimming,"Sarasota, Fla.",Sarasota,FL
Rhyan White,Swimming,"Herriman, Utah",Herriman,UT
Andrew Wilson,Swimming,"Bethesda, Md.",Bethesda,MD
Anita Alvarez,Swimming (Artistic),"Kenmore, N.Y.",Kenmore,NY
Lindi Schroeder,Swimming (Artistic),"Andover, Mass.",Andover,MA
Kanak Jha,Table Tennis,"Milpitas, Calif.",Milpitas,CA
Nikhil Kumar,Table Tennis,"San Jose, Calif.",San Jose,CA
Juan Liu,Table Tennis,New York,New York,NY
Huijing Wang,Table Tennis,"Sugar Land, Texas",Sugar Land,TX
Lily Zhang,Table Tennis,"Palo Alto, Calif.",Palo Alto,CA
Xin Zhou,Table Tennis,"Milpitas, Calif.",Milpitas,CA
Paige McPherson,Taekwondo,"Sturgis, S.D.",Sturgis,SD
Anastasija Zolotic,Taekwondo,"Largo, Fla.",Largo,FL
Jennifer Brady,Tennis,"Boca Raton, Fla.",Boca Raton,FL
Marcos Giron,Tennis,"Thousand Oaks, Calif.",Thousand Oaks,CA
Austin Krajicek,Tennis,"Plano, Texas",Plano,TX
Bethanie Mattek-Sands,Tennis,Phoenix,Phoenix,AZ
Nicole Melichar,Tennis,"Stuart, Fla.",Stuart,FL
Tommy Paul,Tennis,"Delray Beach, Fla.",Delray Beach,FL
Jessica Pegula,Tennis,"Buffalo, N.Y.",Buffalo,NY
Rajeev Ram,Tennis,"Carmel, Ind.",Carmel,IN
Alison Riske,Tennis,Pittsburgh,Pittsburgh,PA
Tennys Sandgren,Tennis,"Gallatin, Tenn.",Gallatin,TN
Frances Tiafoe,Tennis,"Boynton Beach, Fla.",Boynton Beach,FL
Abdi Abdirahman,Track & Field / Athletics,"Mammoth Lakes, Calif.",Mammoth Lakes,CA
Devon Allen,Track & Field / Athletics,Phoenix,Phoenix,AZ
Valarie Allman,Track & Field / Athletics,"Newark, Del.",Newark,DE
Brooke Andersen,Track & Field / Athletics,"Vista, Calif.",Vista,CA
Adelaide Aquilla,Track & Field / Athletics,"Rocky River, Ohio",Rocky River,OH
Ronnie Baker,Track & Field / Athletics,"Louisville, Ky.",Louisville,KY
Steven Bastien,Track & Field / Athletics,"Saline, Mich.",Saline,MI
Anavia Battle,Track & Field / Athletics,"Inkster, Mich.",Inkster,MI
Kenny Bednarek,Track & Field / Athletics,"Rice Lake, Wis.",Rice Lake,WI
Chris Benard,Track & Field / Athletics,"Cornona, Calif.",Cornona,CA
Rai Benjamin,Track & Field / Athletics,"Mount Vernon, N.Y.",Mount Vernon,NY
Gwen Berry,Track & Field / Athletics,St. Louis,St. Louis,MO
Hillary Bor,Track & Field / Athletics,"Colorado Springs, Colo.",Colorado Springs,CO
Erica Bougard,Track & Field / Athletics,"Memphis, Tenn.",Memphis,TN
Trayvon Bromell,Track & Field / Athletics,"St. Petersburg, Fla.",St. Petersburg,FL
Quanesha Burks,Track & Field / Athletics,"Hartselle, Ala.",Hartselle,AL
Tynita Butts-Townsend,Track & Field / Athletics,"Hampton, Va.",Hampton,VT
Kelsey Card,Track & Field / Athletics,"Carlinville, Ill.",Carlinville,IL
Matthew Centrowitz,Track & Field / Athletics,"Arnold, Md.",Arnold,MD
Paul Chelimo,Track & Field / Athletics,"Beaverton, Ore.",Beaverton,OR
Michael Cherry,Track & Field / Athletics,"Chesapeake, Va.",Chesapeake,VT
Nick Christie,Track & Field / Athletics,San Diego,San Diego,CA
Will Claye,Track & Field / Athletics,Phoenix,Phoenix,AZ
Christina Clemons,Track & Field / Athletics,"Waldorf, Md.",Waldorf,MD
Emma Coburn,Track & Field / Athletics,"Crested Butte, Colo.",Crested Butte,CO
Anna Cockrell,Track & Field / Athletics,"Charlotte, N.C.",Charlotte,NC
Val Constien,Track & Field / Athletics,"Edwards, Colo.",Edwards,CO
Elise Cranny,Track & Field / Athletics,"Niwot, Colo.",Niwot,CO
Ryan Crouser,Track & Field / Athletics,"Boring, Ore.",Boring,OR
Gabbi Cunningham,Track & Field / Athletics,"Charlotte, N.C.",Charlotte,NC
Vashti Cunningham,Track & Field / Athletics,Las Vegas,Las Vegas,NV
Teahna Daniels,Track & Field / Athletics,"Orlando, Fla.",Orlando,FL
Tara Davis,Track & Field / Athletics,"Agoura Hills, Calif.",Agoura Hills,CA
Bryce Deadmon,Track & Field / Athletics,"Missouri City, Texas",Missouri City,TX
Marquis Dendy,Track & Field / Athletics,"Wilmington, Del.",Wilmington,DE
Rachel Dincoff,Track & Field / Athletics,"Waterloo, Ind.",Waterloo,IN
Kendall Ellis,Track & Field / Athletics,"Pembroke Pines, Fla.",Pembroke Pines,FL
Allyson Felix,Track & Field / Athletics,Los Angeles,Los Angeles,CA
Mason Ferlic,Track & Field / Athletics,"St. Paul, Minn.",St. Paul,MN
Mason Finley,Track & Field / Athletics,"Chaffee County, Colo.",Chaffee County,CO
Grant Fisher,Track & Field / Athletics,"Portland, Ore.",Portland,OR
Tori Franklin,Track & Field / Athletics,"Evanston, Ill.",Evanston,IL
Courtney Frerichs,Track & Field / Athletics,"Nixa, Mo.",Nixa,MO
English Gardner,Track & Field / Athletics,"Voorhees, N.J.",Voorhees,NJ
Cravon Gillespie,Track & Field / Athletics,"Pasadena, Calif.",Pasadena,CA
Elija Godwin,Track & Field / Athletics,"Covington, Ga.",Covington,GA
JuVaughn Harrison,Track & Field / Athletics,"Huntsville, Ala.",Huntsville,AL
Keni Harrison,Track & Field / Athletics,"Clayton, N.C.",Clayton,NC
Daniel Haugh,Track & Field / Athletics,"Marietta, Ga.",Marietta,GA
Quanera Hayes,Track & Field / Athletics,"Hope Mills, N.C.",Hope Mills,NC
Aleia Hobbs,Track & Field / Athletics,New Orleans,New Orleans,LA
Cole Hocker,Track & Field / Athletics,Indianapolis,Indianapolis,IN
Grant Holloway,Track & Field / Athletics,"Chesapeake, Va.",Chesapeake,VT
Bryce Hoppel,Track & Field / Athletics,"Midland, Texas",Midland,TX
Ariana Ince,Track & Field / Athletics,"Gonzales, Texas",Gonzales,TX
Lynna Irby,Track & Field / Athletics,Indianapolis,Indianapolis,IN
Reggie Jagers III,Track & Field / Athletics,Cleveland,Cleveland,OH
Isaiah Jewett,Track & Field / Athletics,Los Angeles,Los Angeles,CA
Wadeline Jonathas,Track & Field / Athletics,"Worcester, Mass.",Worcester,MA
Matt Ludwig,Track & Field / Athletics,"Oxford, Miss.",Oxford,MS
David Kendziera,Track & Field / Athletics,"Mount Prospect, Ill.",Mount Prospect,IL
Fred Kerley,Track & Field / Athletics,"Morgan City, La.",Morgan City,LA
Benard Keter,Track & Field / Athletics,"Colorado Springs, Colo.",Colorado Springs,CO
Woody Kincaid,Track & Field / Athletics,"Littleton, Colo.",Littleton,CO
Sally Kipyego,Track & Field / Athletics,"Eugene, Ore.",Eugene,OR
Joe Klecker,Track & Field / Athletics,Minneapolis,Minneapolis,MN
Erriyon Knighton,Track & Field / Athletics,"Tampa, Fla.",Tampa,FL
Joe Kovacs,Track & Field / Athletics,"Bethlehem, Pa.",Bethlehem,PA
Annie Kunz,Track & Field / Athletics,Denver,Denver,CO
Morgann LeLeux,Track & Field / Athletics,"New Iberia, La.",New Iberia,LA
KC Lightfoot,Track & Field / Athletics,"Lee's Summit, Mo.",Lee's Summit,MO
Noah Lyles,Track & Field / Athletics,"Clermont, Fla.",Clermont,FL
Heather MaClean,Track & Field / Athletics,"Peabody, Mass.",Peabody,MA
Maggie Malone,Track & Field / Athletics,"Geneva, Neb.",Geneva,NE
Taylor Manson,Track & Field / Athletics,"East Lansing, Mich.",East Lansing,MI
Sam Mattis,Track & Field / Athletics,"East Brunswick, N.J.",East Brunswick,NJ
Steffin McCarter,Track & Field / Athletics,"Copperas Cove, Texas",Copperas Cove,TX
Rachel McCoy,Track & Field / Athletics,"Fontana, Calif.",Fontana,CA
Cory McGee,Track & Field / Athletics,"Boulder, Colo.",Boulder,CO
Sydney McLaughlin,Track & Field / Athletics,"Dunellen, N.J.",Dunellen,NJ
Shelby Mcewen,Track & Field / Athletics,"Abbeville, Miss.",Abbeville,MS
Alicia Monson,Track & Field / Athletics,"Amery, Wis.",Amery,WI
Jasmine Moore,Track & Field / Athletics,"Grand Prairie, Texas",Grand Prairie,TX
Sandi Morris,Track & Field / Athletics,"Greenville, S.C.",Greenville,SC
Athing Mu,Track & Field / Athletics,"Trenton, N.J.",Trenton,NJ
Dalilah Muhammad,Track & Field / Athletics,"Bayside, N.Y.",Bayside,NY
Clayton Murphy,Track & Field / Athletics,"New Paris, Ohio",New Paris,OH
Katie Nageotte,Track & Field / Athletics,"Olmsted Falls, Ohio",Olmsted Falls,OH
Chris Nilsen,Track & Field / Athletics,"Kansas City, Mo.",Kansas City,MO
Michael Norman,Track & Field / Athletics,"Murrieta, Calif.",Murrieta,CA
Vernon Norwood,Track & Field / Athletics,New Orleans,New Orleans,LA
Yared Nuguse,Track & Field / Athletics,"Louisville, Ky.",Louisville,KY
Javianne Oliver,Track & Field / Athletics,"Monroe, Ga.",Monroe,GA
Keturah Orji,Track & Field / Athletics,"Mount Olive, N.J.",Mount Olive,NJ
Payton Otterdahl,Track & Field / Athletics,"Rosemount, Minn.",Rosemount,MN
Jenna Prandini,Track & Field / Athletics,"Clovis, Calif.",Clovis,CA
DeAnna Price,Track & Field / Athletics,"Moscow Mills, Mo.",Moscow Mills,MO
Elle Purrier St. Pierre,Track & Field / Athletics,"Montgomery, Vt.",Montgomery,VA
Jessica Ramsey,Track & Field / Athletics,"Boynton Beach, Fla.",Boynton Beach,FL
Brittney Reese,Track & Field / Athletics,"Gulfport, Miss.",Gulfport,MS
Jacob Riley,Track & Field / Athletics,"Bellingham, Wash.",Bellingham,WA
Daniel Roberts,Track & Field / Athletics,"Hampton, Ga.",Hampton,GA
Raevyn Rogers,Track & Field / Athletics,Houston,Houston,TX
Randolph Ross,Track & Field / Athletics,"Raleigh, N.C.",Raleigh,NC
Galen Rupp,Track & Field / Athletics,"Portland, Ore.",Portland,OR
Raven Saunders,Track & Field / Athletics,"Charleston, S.C.",Charleston,SC
Garrett Scantling,Track & Field / Athletics,"Jacksonville, Fla.",Jacksonville,FL
Rachel Schneider,Track & Field / Athletics,"Sanford, Maine",Sanford,ME
Karissa Schweizer,Track & Field / Athletics,"Urbandale, Iowa",Urbandale,IA
Donald Scott,Track & Field / Athletics,"Apopka, Fla.",Apopka,FL
Molly Seidel,Track & Field / Athletics,Boston,Boston,MA
Kenny Selmon,Track & Field / Athletics,"Mableton, Ga.",Mableton,GA
Michael Shuey,Track & Field / Athletics,"Johnsonburg, Pa.",Johnsonburg,PA
Emily Sisson,Track & Field / Athletics,"Menomonee Falls, Wis.",Menomonee Falls,WI
Robyn Stevens,Track & Field / Athletics,Los Angeles,Los Angeles,CA
Trevor Stewart,Track & Field / Athletics,"Lorton, Va.",Lorton,VT
Darryl Sullivan,Track & Field / Athletics,"Marion, Ill.",Marion,IL
Gabrielle Thomas,Track & Field / Athletics,"Florence, Mass.",Florence,MA
Curtis Thompson,Track & Field / Athletics,"Florence, N.J.",Florence,NJ
Aliphine Tuliamuk,Track & Field / Athletics,"Flagstaff, Ariz.",Flagstaff,AZ
Kaylin Whitney,Track & Field / Athletics,"Clermont, Fla.",Clermont,FL
Kendell Williams,Track & Field / Athletics,"Marietta, Ga.",Marietta,GA
Micah Williams,Track & Field / Athletics,"Portland, Ore.",Portland,OR
Ajee Wilson,Track & Field / Athletics,"Neptune, N.J.",Neptune,NJ
Kara Winger,Track & Field / Athletics,"Vancouver, Wash.",Vancouver,WA
Rudy Winkler,Track & Field / Athletics,"Sand Lake, N.Y.",Sand Lake,NY
Alex Young,Track & Field / Athletics,"La Vergne, Tenn.",La Vergne,TN
Zach Ziemek,Track & Field / Athletics,"Itasca, Ill.",Itasca,IL
Nicole Ahsinger,Trampoline,San Diego,San Diego,CA
Aliaksei Shostak,Trampoline,"Lafayette, La.",Lafayette,LA
Taylor Knibb,Triathlon,Washington,Washington,DC
Kevin McDowell,Triathlon,"Geneva, Ill.",Geneva,IL
Morgan Pearson,Triathlon,"New Vernon, N.J.",New Vernon,NJ
Summer Rappaport,Triathlon,"Thornton, Colo.",Thornton,CO
Katie Zaferes,Triathlon,"Hampstead, Md.",Hampstead,MD
Foluke Akinradewo Gunderson,Volleyball,"Fort Lauderdale, Fla.",Fort Lauderdale,FL
Matt Anderson,Volleyball,"West Seneca, N.Y.",West Seneca,NY
Michelle Bartsch-Hackley,Volleyball,"Champaign, Ill.",Champaign,IL
Micah Christenson,Volleyball,Honolulu,Honolulu,HI
TJ DeFalco,Volleyball,"Huntington Beach, Calif.",Huntington Beach,CA
Annie Drews,Volleyball,"Elkhart, Ind.",Elkhart,IN
Kyle Ensing,Volleyball,"Valencia, Calif.",Valencia,CA
Micha Hancock,Volleyball,"Edmond, Okla.",Edmond,OK
Kim Hill,Volleyball,"Portland, Ore.",Portland,OR
Max Holt,Volleyball,Cincinnati,Cincinnati,OH
Thomas Jaeschke,Volleyball,"Wheaton, Ill.",Wheaton,IL
Jordan Larson,Volleyball,"Hooper, Neb.",Hooper,NE
Garrett Muagututia,Volleyball,"Oceanside, Calif.",Oceanside,CA
Chiaka Ogbogu,Volleyball,"Coppell, Texas",Coppell,TX
Jordyn Poulter,Volleyball,"Aurora, Colo.",Aurora,CO
Kelsey Robinson,Volleyball,"Manhattan Beach, Calif.",Manhattan Beach,CA
Taylor Sander,Volleyball,"Huntington Beach, Calif.",Huntington Beach,CA
Erik Shoji,Volleyball,Honolulu,Honolulu,HI
Kawika Shoji,Volleyball,Honolulu,Honolulu,HI
David Smith,Volleyball,"Saugus, Calif.",Saugus,CA
Mitch Stahl,Volleyball,"Chambersburg, Pa.",Chambersburg,PA
Jordan Thompson,Volleyball,"Edina, Minn.",Edina,MN
Haleigh Washington,Volleyball,"Colorado Sprrings, Colo.",Colorado Sprrings,CO
Justine Wong-Orantes,Volleyball,"Cypress, Calif.",Cypress,CA
Alex Bowen,Water Polo,"Santee, Calif.",Santee,CA
Luca Cupido,Water Polo,"Santa Margherita, Italy",Santa Margherita,Italy
Hannes Daube,Water Polo,"Long Beach, Calif.",Long Beach,CA
Rachel Fattal,Water Polo,"Seal Beach, Calif.",Seal Beach,CA
Aria Fischer,Water Polo,"Laguna Beach, Calif.",Laguna Beach,CA
Makenzie Fischer,Water Polo,"Laguna Beach, Calif.",Laguna Beach,CA
Kaleigh Gilchrist,Water Polo,"Newport Beach, Calif.",Newport Beach,CA
Ben Hallock,Water Polo,"Studio City, Calif.",Studio City,CA
Stephania Haralabidis,Water Polo,"Athens, Greece",Athens,Greece
Paige Hauschild,Water Polo,"Santa Barbara, Calif.",Santa Barbara,CA
Drew Holland,Water Polo,"Orinda, Calif.",Orinda,CA
Johnny Hooper,Water Polo,Los Angeles,Los Angeles,CA
Max Irving,Water Polo,"Long Beach, Calif.",Long Beach,CA
Ashleigh Johnson,Water Polo,Miami,Miami,FL
Amanda Longan,Water Polo,"Moorpark, Calif.",Moorpark,CA
Maddie Musselman,Water Polo,"Newport Beach, Calif.",Newport Beach,CA
Jamie Neushul,Water Polo,"Isla Vista, Calif.",Isla Vista,CA
Alex Obert,Water Polo,"Loomis, Calif.",Loomis,CA
Melissa Seidemann,Water Polo,"Walnut Creek, Calif.",Walnut Creek,CA
Jesse Smith,Water Polo,"Coronado, Calif.",Coronado,CA
Maggie Steffens,Water Polo,"Danville, Calif.",Danville,CA
Ben Stevenson,Water Polo,"Reno, Nev.",Reno,NV
Marko Vavic,Water Polo,"Rancho Palos Verdes, Calif.",Rancho Palos Verdes,CA
Alys Williams,Water Polo,"Huntington Beach, Calif.",Huntington Beach,CA
Alex Wolf,Water Polo,"Huntington Beach, Calif.",Huntington Beach,CA
Dylan Woodhead,Water Polo,"San Anselmo, Calif.",San Anselmo,CA
"Clarence Cummings, Jr.",Weightlifting,"Beaufort, S.C.",Beaufort,SC
Jourdan Delacruz,Weightlifting,Atlanta,Atlanta,GA
Wes Kitts,Weightlifting,"Knoxville, Tenn.",Knoxville,TN
Harrison Maurus,Weightlifting,"Auburn, Wash.",Auburn,WA
Katherine Nye,Weightlifting,"Oakland Township, Mich.",Oakland Township,MI
Sarah Robles,Weightlifting,"League City, Texas",League City,TX
Mattie Rogers,Weightlifting,"Orlando, Fla.",Orlando,FL
Caine Wilkes,Weightlifting,"Matthews, N.C.",Matthews,NC
Kyle Dake,Wrestling,"Ithaca, N.Y.",Ithaca,NY
Thomas Gilman,Wrestling,"Council Bluffs, Iowa",Council Bluffs,IA
Adeline Gray,Wrestling,Denver,Denver,CO
Ildar Hafizov,Wrestling,"Colorado Springs, Colo.",Colorado Springs,CO
G'Angelo Hancock,Wrestling,"Fountain, Colo.",Fountain,CO
Sarah Hildebrandt,Wrestling,"Granger, Ind.",Granger,IN
Helen Maroulis,Wrestling,"Huntington Beach, Calif.",Huntington Beach,CA
Tamyra Mensah-Stock,Wrestling,"Katy, Texas",Katy,TX
Kayla Miracle,Wrestling,"Culver, Ind.",Culver,IN
Alejandro Sancho,Wrestling,Miami,Miami,FL
Kyle Snyder,Wrestling,"Woodbine, Md.",Woodbine,MD
John Stefanowicz,Wrestling,"Jacksonville, N.C.",Jacksonville,NC
Gable Steveson,Wrestling,"Apple Valley, Minn.",Apple Valley,MN
David Taylor,Wrestling,"State College, Pa.",State College,PA
Jacarra Winchester,Wrestling,"Marshall, Mo.",Marshall,MO
